Category;Title;Link
Notícia;4 ministros do STF votam por reeleição de Maia e Alcolumbre;https://www.terra.com.br/noticias/brasil/politica/quatro-no-stf-votam-por-reeleicao-de-maia-e-alcolumbre,2eba7e4cae07c6abd410d242f6ff7230co6x0ewx.html
Notícia;Mourão se diz contra reeleição de Maia e Alcolumbre;https://www.terra.com.br/noticias/brasil/politica/mourao-se-diz-contra-reeleicao-de-maia-e-alcolumbre,ef96d0640fe96c08a7014464e1e9cf1enekilzgp.html
Notícia;Reforma tributária vira moeda de troca em eleição na Câmara;https://www.terra.com.br/noticias/brasil/politica/reforma-tributaria-vira-moeda-de-troca-em-eleicao-na-camara,4f86b4bfa6917ad65b834064b4b152d5sfwu0rwx.html
Notícia;Promotores de SP discutem 'furar fila' da vacina para covid;https://www.terra.com.br/noticias/coronavirus/promotores-de-sp-discutem-furar-a-fila-da-vacina-para-covid-mas-apontado-como-autor-do-pedido-nega,2d1aad6e9508e12d0f7f8ee38695b69bttuuffcq.html
Notícia;Casal suspeito de mega-assalto em Criciúma é preso;https://www.terra.com.br/noticias/brasil/cidades/casal-suspeito-de-mega-assalto-em-criciuma-sc-e-preso,c141cb9d5adb71645ed2a18cd05e02b2u5dfhq69.html
Notícia;Rio libera shoppings abertos por 24h para evitar aglomeração;https://www.terra.com.br/noticias/coronavirus/rio-libera-shoppings-abertos-por-24h-para-evitar-aglomeracao,a49ba2a0957e721d26c55207c67b1b9b0m4q67kr.html
Notícia;Revista detalha assédio de Melhem contra Dani Calabresa;https://rd1.com.br/revista-detalha-assedio-sexual-de-marcius-melhem-contra-dani-calabresa/
Notícia;"Manobrista é humilhado por empresário em Campinas; veja";https://istoe.com.br/video-manobrista-e-humilhado-por-empresario-em-campinas-o-que-voce-ganha-em-um-mes-eu-gasto-em-um-dia/
Notícia;Com covid-19, Miss Brasil 2019 vai à padaria e causa revolta;https://istoe.com.br/com-covid-19-miss-brasil-2019-vai-a-padaria-comprar-pao/
Notícia;Em 'folklore', vemos Taylor Swift na melhor fase da carreira;https://www.terra.com.br/diversao/em-folklore-vemos-taylor-swift-na-melhor-fase-da-carreira,b143f0d4b3b0cd597d431bdaa055f3d9a8759jzo.html
Notícia;Neymar se irrita e não quer mais nada com Gabily;https://rd1.com.br/neymar-toma-atitude-surpreendente-com-cantora-gabily-sua-ex-affair/
Notícia;Cantor sertanejo é preso em flagrante, em Minas Gerais;https://www.ofuxico.com.br/noticias-sobre-famosos/cantor-sertanejo-e-preso-em-flagrante-em-minas-gerais/2020/12/04-391162.html
Notícia;Com covid-19, participantes são eliminadas do 'The Voice';https://www.ofuxico.com.br/noticias-sobre-famosos/com-covid-19-participantes-sao-eliminadas-do-the-voice-brasil/2020/12/04-391161.html
Notícia;Grazi, Neymar e Belo: veja famosos que mudaram os sorrisos;https://www.terra.com.br/vida-e-estilo/saude/saude-bucal/branqueamento/grazi-neymar-beloveja-famosos-que-mudaram-os-sorrisos,af93bad214e5e62f628ada2edb5b403bavr4ch7p.html
Notícia;Descubra como é o sorriso de cada signo do zodíaco;https://www.terra.com.br/vida-e-estilo/saude/saude-bucal/atualidades/descubra-como-e-o-sorriso-de-cada-signo-do-zodiaco,b49317e7d22f87176b68a810ca4b57d56070kfcy.html
Notícia;Testes mostram que creme e enxaguante neutralizam covid;https://www.terra.com.br/vida-e-estilo/saude/saude-bucal/atualidades/testes-mostram-que-creme-e-enxaguante-neutralizam-covid,61bd1d33664c28365971d112ffbac054oin3a208.html
Notícia;Você pode estar usando o fio dental errado e nem sabe;https://www.terra.com.br/vida-e-estilo/saude/saude-bucal/problemas-comuns/voce-esta-usando-o-fio-dental-errado-e-nem-sabe,aaf2277c7353e3b001f5a058a86c07585olghikq.html
Notícia;Gusttavo Lima, Alceu Valença e mais: lives do fim de semana;https://www.terra.com.br/diversao/musica/sextou-saiba-as-melhores-lives-do-fds-de-412,186f5b2e470fb3fb728e87ce245cdafaypr16w16.html
Notícia;Só dá ela! Cinco vezes em que Jojo Todynho fez a gente rir;https://www.terra.com.br/vida-e-estilo/saude/saude-bucal/atualidades/so-da-ela-cinco-vezes-em-que-jojo-todynho-fez-a-gente-rir,c68633448c5f3c6ec091d957987d8fceg2brbv7y.html
Notícia;Quem é Nilson Klava, o Nilsinho, xodó de todos na GloboNews;https://www.terra.com.br/diversao/tv/blog-sala-de-tv/quem-e-nilson-klava-o-nilsinho-xodo-de-todos-na-globonews,6090036e7337674bb2b61844adb3948cr19tauiw.html
Notícia;Descubra como será o astral em 2021 pela data de aniversário;https://www.terra.com.br/vida-e-estilo/horoscopo/esoterico/descubra-como-sera-o-astral-em-2021-pela-data-de-aniversario,14c6fe8d2b0d77b97ef0357ed48be472oow7g63m.html
Notícia;Torta de batata com calabresa para um almoço delicioso;https://www.terra.com.br/vida-e-estilo/culinaria/guia-da-cozinha/torta-de-batata-com-calabresa-para-um-almoco-delicioso,a7b434c88ffb5b0422d5dd0a2aeaadecgmdq1h42.html
Notícia;Abel Ferreira está com covid-19 e desfalca o Palmeiras;https://www.terra.com.br/esportes/palmeiras/abel-ferreira-testa-positivo-para-covid-19,dde9d68089b5428b5ad1009c16f6b28c0tomkvjo.html
Notícia;São Paulo supera o Goiás e assume a liderança do Brasileirão;https://www.terra.com.br/esportes/lance/sao-paulo-supera-o-goias-e-assume-a-lideranca-do-brasileirao,827b1e5fb9d465d768c7863725116add15pxvfp5.html
Notícia;Corinthians não cumpre acordo e é acionado na Justiça a pagar mais de R$ 40 mil;https://www.terra.com.br/esportes/lance/corinthians-nao-cumpre-acordo-e-e-acionado-na-justica-a-pagar-mais-de-r-40-mil,a74c24eee0c83fa9d81eb50f675e44065fb50fhg.html
Notícia;Governo vai cobrar devolução do auxílio de 2,6 mi de pessoas;https://www.terra.com.br/noticias/coronavirus/governo-vai-cobrar-devolucao-do-auxilio-de-26-mi-de-pessoas,cb1e9cc340dcb36e036b321032056fa360glqqup.html
Notícia;Gilmar e Toffoli votam para permitir reeleição no Congresso;https://www.terra.com.br/noticias/brasil/politica/gilmar-e-toffoli-votam-para-permitir-reeleicao-no-congresso,a812c40179097c5d55a1ee196beb207azjm07li1.html
Notícia;Logística brasileira é eficiente para distribuir a vacina?;https://www.terra.com.br/vida-e-estilo/saude/logistica-brasileira-e-eficiente-para-distribuir-a-vacina,8055ea50bdceabd0ee252fab6856f7088g79yukr.html
Notícia;Recorde de mortes nos EUA gera pedido de decretos mais duros;https://www.terra.com.br/noticias/coronavirus/recorde-de-mortes-nos-eua-gera-pedido-de-decretos-mais-duros,40a178481e4c9304c487cd18b816b56ccepn0dgz.html
Notícia;"Gucci doa US$ 500 mil para Unicef vacinar ""mais frágeis""";https://www.terra.com.br/noticias/coronavirus/gucci-doa-us-500-mil-para-unicef-vacinar-mais-frageis,76ba655eeb2d934e6dbdac9d95beb089fmbam1ns.html
Notícia;55% dos espanhóis não querem tomar vacina de imediato;https://www.terra.com.br/noticias/coronavirus/55-dos-espanhois-nao-querem-tomar-vacina-de-imediato,fffef3ddf6418ccd7da349d21dce6288s6vc5xqj.html
Notícia;Governo nega relação com bolsonaristas investigados;https://www.terra.com.br/noticias/brasil/politica/governo-nega-relacao-com-bolsonaristas-investigados,57fbde796b3b3063281e71c12a9d503cyj4tqbl6.html
Notícia;"Bolsonaro pede para brasileiros ""tomarem banho mais rápido""";https://www.istoedinheiro.com.br/bolsonaro-pede-para-brasileiros-tomarem-banho-mais-rapido/
Notícia;As ideias do governo para o programa que não saíram do papel;https://www.terra.com.br/noticias/brasil/politica/renda-cidada-as-cinco-ideias-do-governo-para-financiar-o-programa-que-nao-sairam-do-papel,5d5815433087cad7d64cf53a50d8be5apa04jrxm.html
Notícia;Litoral norte de SP mantém comércio ampliado na temporada;https://www.terra.com.br/noticias/coronavirus/litoral-norte-de-sp-mantem-comercio-ampliado-na-temporada,45a6a6960d5946d458d75f945e18e3694jet6b4s.html
Notícia;Setor de refrigeração diz ser possível adaptar rede a -70 C;https://www.terra.com.br/noticias/coronavirus/setor-de-refrigeracao-diz-ser-possivel-adaptar-rede-para-vacina-da-pfizer,f6a24554936580d6b2c9621563a5a394a8mose90.html
Notícia;Conheça a única mulher eleita prefeita de uma capital;https://www.terra.com.br/noticias/eleicoes/conheca-a-unica-mulher-eleita-prefeita-de-uma-capital,45bb32731f6870709644253cd50eedd94rn3crnx.html
Notícia;Bolsonaro manda Salles para Conferência do Clima, em 2021;https://www.terra.com.br/noticias/ciencia/sustentabilidade/bolsonaro-manda-salles-para-conferencia-do-clima-em-2021,5ae8d8b9ca46f8ab619d07d5c1e4949962fi19di.html
Notícia;Renda de Arthur Lira chegou a R$ 500 mil por mês, diz MP;https://www.terra.com.br/noticias/brasil/politica/renda-de-arthur-lira-chegou-a-r-500-mil-por-mes-diz-mp,5497c1b839e92fe096be0c0efeacda93tq7u30lw.html
Notícia;"Após eliminação, Castan desabafa: ""Estamos tentando de tudo""";https://www.terra.com.br/esportes/lance/apos-eliminacao-castan-desabafa-estamos-tentando-de-tudo,5daff84cf45f5b5d701649ef5ea4ecc88jfmeyeg.html
Notícia;"Diretor O Boticário: ""Sustentabilidade não é moda para nós""";https://www.terra.com.br/noticias/tecnologia/inovacao/diretor-o-boticario-sustentabilidade-nao-e-moda-para-nos,f62fd9325aaa5c65b293a0e8cdc735f28is7kmcd.html
Notícia;Loggi lança programa piloto para melhorar entregas em Paraisópolis;https://www.terra.com.br/noticias/tecnologia/inovacao/loggi-lanca-programa-piloto-para-melhorar-entregas-em-paraisopolis,a74aad8487bb7383c6cac1dc7887525cuzeck9yd.html
Notícia;Startup The Coffee recebe aporte de R$ 28 mi e quer expandir lojas para a Europa;https://www.terra.com.br/noticias/tecnologia/inovacao/startup-the-coffee-recebe-aporte-de-r-28-mi-e-quer-expandir-lojas-para-a-europa,db7435e2bc5fb66c2c1f16fcae506ba11rv6boif.html
Notícia;Tudo o que você precisa saber para aproveitar a CCXP Worlds;https://www.terra.com.br/diversao/cinema/ccxp/tudo-o-que-voce-precisa-saber-para-aproveitar-a-ccxp-worlds,2151b6a30264f1fe6daabe5d3ceca6ef1ngvehoo.html
Notícia;Pokémon Kids: Festival Inverno vai até janeiro;https://www.games4u.com/sc/br/g4u/noticias/pokemon-kids-festival-inverno-vai-ate-janeiro/c02c4805591baf7edfb2d6f2869d4087bnfjsh8i
Notícia;Zangado testa Mario Kart Live: Home Circuit (Parte 1);https://www.games4u.com/sc/br/g4u/noticias/zangado-testa-mario-kart-live-home-circuit-parte-1/abbfee7ed2a9a159ab72ef016df1f2b9cul060m8
Notícia;Como ganhar dinheiro em cidades pequenas;https://www.terraempresas.com.br/blog/como-ganhar-dinheiro-cidade-pequena-interior/?cdConvenio=CVTR00002025utm_source=Terra&utm_medium=espacos-editoriais&utm_campaign=Inbound&utm_term=terra-empresas&utm_content=blogpost
Notícia;Descubra como fazer um site para a sua empresa;https://pages.terraempresas.com.br/lp-guia-rapido-site-profissional/?cdConvenio=CVTR00002025utm_source=Terra&utm_medium=espacos-editoriais&utm_campaign=Inbound&utm_term=terra-empresas&utm_content=ebook
Notícia;Marketing digital para pequenas empresas;https://pages.terraempresas.com.br/lp-marketing-digital-pequenas-empresas/?cdConvenio=CVTR00002025utm_source=Terra&utm_medium=espacos-editoriais&utm_campaign=Inbound&utm_term=terra-empresas&utm_content=webinar
Notícia;Qual a diferença entre MEI, EIRELI e empresário individual?;https://www.terraempresas.com.br/blog/qual-a-diferenca-entre-mei-eireli-e-empresario-individual/?cdConvenio=CVTR00002025utm_source=Terra&utm_medium=espacos-editoriais&utm_campaign=Inbound&utm_term=terra-empresas&utm_content=blogpost
Notícia;Batidinha de amendoim: bebida diferente pronta em 20 minutos;https://www.terra.com.br/vida-e-estilo/culinaria/guia-da-cozinha/batidinha-de-amendoim-bebida-diferente-pronta-em-20-minutos,8b76b2f57b1db83bc1860a9b5519aa00w4wk6rt7.html
Notícia;Nosso dinheiro em dezembro e em tempos de mudanças;https://www.terra.com.br/vida-e-estilo/horoscopo/esoterico/nosso-dinheiro-em-dezembro-e-em-tempos-de-mudancas,0c578492670f93fb9117d8db05e7ef81mxu9g4zn.html
Notícia;Canais alvos do STF têm acesso privilegiado a Bolsonaro;https://www.terra.com.br/noticias/brasil/politica/videos/canais-bolsonaristas,7685a0b914d2a558a94c19ee6aa6a826w0o9r0ao.html
Notícia;MP investiga servidores suspeitos de candidaturas fictícias;https://www.terra.com.br/noticias/brasil/catve/videos/ministerio-publico-investiga-servidores-com-suspeita-de-candidaturas-ficticias,9086257.html
Notícia;Homem é preso por tentar estuprar garota de programa no PR;https://www.terra.com.br/noticias/brasil/catve/videos/homem-e-preso-por-tentar-estuprar-garota-de-programa-em-cascavel,9086077.html
Notícia;PR: ciclista fica gravemente ferido ao bater contra caminhão;https://www.terra.com.br/noticias/brasil/catve/videos/ciclista-fica-gravemente-ferido-ao-bater-violentamente-contra-caminhao-na-br-277,9086107.html
Notícia;Macaco-prego resgatado após mãe morrer atropelada está bem;https://www.terra.com.br/noticias/brasil/catve/videos/macaco-prego-resgatado-apos-mae-morrer-atropelada-esta-bem-e-saudavel,9086123.html
Notícia;Spotify divulga artistas e músicas mais ouvidos em 2020;https://www.terra.com.br/diversao/musica/videos/spotify-divulga-artistas-e-musicas-mais-ouvidos-em-2020,9085632.html
Notícia;"""Não julgo que governo esteja travando a reforma tributária""";https://www.dinheirorural.com.br/nao-julgo-que-o-governo-esteja-travando-a-reforma-tributaria-diz-mourao/
Notícia;Presidente do Santos diz 'correr' para saldar dívidas em final de mandato;https://www.terra.com.br/esportes/lance/presidente-do-santos-diz-correr-para-saldar-dividas-em-final-de-mandato,1bfca1d4389b69added51491dce52604oyqu1qm8.html
Notícia;Tóquio diz que adiamento dos Jogos custará US$ 2,8 bilhões;https://www.terra.com.br/esportes/jogos-olimpicos/toquio-diz-que-adiamento-dos-jogos-custara-us-28-bilhoes,f8c1b117508e132b71ba774a515e1afezx8gdua4.html
Notícia;Fla é condenado a pagar indenização a torcedor do Botafogo;https://www.terra.com.br/esportes/futebol/fla-e-condenado-a-pagar-indenizacao-a-torcedor-do-botafogo,7ad4f9d6fc86506d03990f57fe603445l38728km.html
Notícia;'10 Horas para o Natal' é o puro suco do humor para crianças;https://www.terra.com.br/diversao/cinema/10-horas-para-o-natal-e-o-puro-suco-do-humor-para-criancas,7395349daaa72cdd80e49d958ae73512jm3d3g0c.html
Notícia;Livro de Monteiro Lobato sofre alterações no centenário;https://www.terra.com.br/diversao/arte-e-cultura/livro-de-monteiro-lobato-sofre-alteracoes-no-centenario,3452a00afcc5530b2917fc9ccb1fc627qdx98dt9.html
Notícia;Galvão enaltece líder São Paulo e diz: 'Tem tudo para abrir cinco pontos após o outro jogo atrasado';https://www.terra.com.br/esportes/lance/galvao-enaltece-lider-sao-paulo-e-diz-tem-tudo-para-abrir-cinco-pontos-apos-o-outro-jogo-atrasado,0324e210b367eaf6e76d9e9c1786e89cmmy4rtcc.html
Notícia;Palmirinha segue na UTI e não tem previsão de alta;https://istoe.com.br/palmirinha-segue-na-uti-e-nao-tem-previsao-de-alta/
Notícia;"Jakelyne é 12ª eliminada do reality; Jojo e Biel ficam";https://www.ofuxico.com.br/noticias-sobre-famosos/a-fazenda-com-mais-um-recorde-de-votacao-jakelyne-e-12-eliminada-do-programa/2020/12/04-391153.html
Notícia;Grêmio despacha Guaraní e vai às quartas da Libertadores;https://www.terra.com.br/esportes/lance/gremio-despacha-guarani-e-vai-as-quartas-da-libertadores,c44ac0449ec478e77cd8df3f1bd75e240mxtjunf.html
Notícia;Vasco perde para o Defensa y Justicia e cai na Sul-Americana;https://www.terra.com.br/esportes/vasco/vasco-perde-para-o-defensa-y-justicia-e-cai-na-sul-americana,10501ed136ee084715460eb14d2d7debr67obvcn.html
Notícia;De alteração de DNA a microchip: as fake news sobre a vacina;https://www.terra.com.br/vida-e-estilo/saude/vacina-nao-altera-dna-nem-tem-microchip-as-mentiras-sobre-imunizacao-contra-o-coronavirus,12f2baf823499ebc71bb3f1e54eee6b89aao9y91.html
Notícia;Suárez teve acesso prévio a prova de italiano, diz MP;https://www.terra.com.br/esportes/futebol/internacional/suarez-teve-acesso-previo-a-prova-de-italiano-diz-mp,ab7528ab0df81d687d4f11ca04519ffbqk48uac3.html
Notícia;Corinthians retorna ao CT e inicia preparação para o clássico Majestoso;https://www.terra.com.br/esportes/lance/corinthians-retorna-ao-ct-e-inicia-preparacao-para-o-classico-majestoso,59fc543f09939cdc754d43afdcb92260z6inamlt.html
Notícia;Qual é a famosa mais bem-vestida de 2020? Vote;https://www.terra.com.br/vida-e-estilo/moda/elas-no-tapete-vermelho/vote-qual-e-a-famosa-mais-bem-vestida-de-2020,6937e2fac07ceee3717a2d8c22245c25gosacklr.html
Notícia;Abel Ferreira rejeita proposta milionária do Catar;https://www.terra.com.br/esportes/lance/abel-ferreira-rejeita-proposta-milionaria-do-catar,e797ae941cd9c4de2693297e540e06bfldfm7u7u.html
Notícia;Palmeiras não vai liberar Veron para a Seleção Sub-20;https://www.terra.com.br/esportes/lance/palmeiras-nao-vai-liberar-veron-para-a-selecao-sub-20,57846f97dc8babc8be915027d8df0df3fp6w7zy4.html
Notícia;CBF 'ignora' agenda do Palmeiras na Liberta e marca dérbi;https://www.terra.com.br/esportes/lance/cbf-ignora-agenda-do-palmeiras-na-liberta-e-marca-derbi,ce32923459b9bd92248b0150d777118beokwds9j.html
Notícia;"Andrés Sanchez volta a criticar arbitragem: ""Vergonha""";https://www.terra.com.br/esportes/lance/andres-sanchez-volta-a-criticar-arbitragem-vergonha,d2b022990b0a0bdc258b6a814057abe949ebuijr.html
Notícia;Em jogo de duas expulsões, Fortaleza e Corinthians empatam;https://www.terra.com.br/esportes/lance/em-jogo-de-duas-expulsoes-fortaleza-e-corinthians-empatam,e2580e5161889261a5a5f7ecc14482aeo9zqlk3e.html
Notícia;Batata recheada: 11 receitas que você precisa provar;https://www.terra.com.br/vida-e-estilo/culinaria/guia-da-cozinha/batata-recheada-11-receitas-que-voce-precisa-provar,152c57f25eb839d65e43628b9e793492udz1i8v0.html
Notícia;Com Clebinho x Eduardo Camelo na luta principal e disputa de título inédito no Xtreme, SFT 26 acontece neste sábado;https://www.terra.com.br/esportes/lance/com-clebinho-x-eduardo-camelo-na-luta-principal-e-disputa-de-titulo-inedito-no-xtreme-sft-26-acontece-neste-sabado,a4b913fceb917de63cc06663eb40df10427xjoud.html
Notícia;Edmundo decide não renovar contrato e deixa a Fox Sports;https://www.terra.com.br/esportes/lance/edmundo-decide-nao-renovar-contrato-e-deixa-o-fox-sports,2d87206b396f84f776040166dd73cc63z71pox8y.html
Notícia;Veja alguns motivos para você usar enxaguante bucal sempre;https://www.terra.com.br/vida-e-estilo/saude/saude-bucal/boa-higiene-oral/veja-alguns-motivos-para-voce-usar-enxaguante-bucal-sempre,8df1859685f5ce4770ddca82413e6161fr6tslny.html
Notícia;Guedes: Economia deve ter de 4 a 5 anos de crescimento forte;https://www.terra.com.br/noticias/coronavirus/guedes-economia-deve-ter-de-4-a-5-anos-de-crescimento-forte,dc8ba08ad8581ab85668a062625897a8okhqbfz4.html
Notícia;"""Estado é laico, mas não é 'laicista'"", afirma Damares";https://www.terra.com.br/noticias/brasil/politica/estado-e-laico-mas-nao-e-laicista-afirma-damares,36fa2f6cbb269700cc7cbf57d1da9e1fhvvw0bmi.html
Notícia;"Imagens de satélite apontam para grandes frigoríficos; veja";https://www.terra.com.br/noticias/brasil/desmatamento-as-imagens-de-satelite-que-apontam-ligacao-entre-grandes-frigorificos-e-derrubada-de-florestas-na-amazonia,f700b724290f2f8a7af88c489be7404d6pqiz340.html
Notícia;Esposa de Bonner manda mensagem para Fátima Bernardes;https://www.terra.com.br/diversao/gente/esposa-de-bonner-manda-mensagem-para-fatima-bernardes,894bb525634eb310064929ca72b3411b83m6zihv.html
Notícia;"Pabllo Vittar: ""Posso caminhar pelo masculino e feminino""";https://www.terra.com.br/diversao/gente/pabllo-vittar-posso-caminhar-pelo-masculino-e-feminino,34db0c9e71195eac39a7c76c291d99f4e7gm9tdh.html
Notícia;Ponte Preta e Paraná, no duelo por G4 e Z4, se enfrentam em Campinas;https://www.terra.com.br/esportes/lance/ponte-preta-e-parana-no-duelo-por-g4-e-z4-se-enfrentam-em-campinas,f752203a5874b2a8fe084b4644ca94ffv6yymzw5.html
Notícia;7 receitas com pêssego para sobremesas deliciosas;https://www.terra.com.br/vida-e-estilo/culinaria/guia-da-cozinha/7-receitas-com-pessego-para-sobremesas-deliciosas,2bb59647ad3f0e6a63d7977ed18a0af1zmyu1t0p.html
Notícia;Tesla e Volkswagen poderiam se unir, diz revista inglesa;https://www.terra.com.br/parceiros/guia-do-carro/tesla-e-volkswagen-poderiam-se-unir-diz-revista-inglesa,9336a4e693b2993131a90bbd57a9c17a61vm826h.html
Notícia;HBO Max receberá filmes da Warner no mesmo dia que cinemas;https://www.terra.com.br/diversao/streaming/hbo-max-recebera-filmes-da-warner-no-mesmo-dia-que-cinemas,008181e78721a4a0e9f0a2661af41982iy3p3yv0.html
Notícia;Protocolos de segurança, confirmação de data e segurança online: Marcelo Teixeira fala sobre eleição do Santos;https://www.terra.com.br/esportes/lance/protocolos-de-seguranca-confirmacao-de-data-e-seguranca-online-marcelo-teixeira-fala-sobre-eleicao-do-santos,d4ec2b94e041ad78df99b0dc5add8dffvnv7p0wb.html
Notícia;Donos de restaurantes são mortos por vinhos de R$ 1,3 milhão;https://www.revistamenu.com.br/2020/12/03/donos-de-restaurantes-sao-mortos-por-vinhos-de-r-13-milhao/
Notícia;Toffoli manda PF tomar depoimento do ministro da Educação;https://www.terra.com.br/noticias/brasil/politica/toffoli-manda-pf-tomar-depoimento-do-ministro-da-educacao,00f31f670180b58850f078b40c6e9828gg0pra5v.html
Notícia;Abel Ferreira testa positivo para Covid-19 e entra em isolamento;https://www.terra.com.br/esportes/lance/abel-ferreira-testa-positivo-para-covid-19-e-entra-em-isolamento,d46b0be02bb61f34706d81124df6d4ddfkpmsian.html
Notícia;Paredes revela que jogadores esperam a chegada de Messi;https://www.terra.com.br/esportes/lance/paredes-revela-que-jogadores-esperam-a-chegada-de-messi,8887d121a91724c3f97936a6af75ada7ex5zycnc.html
Notícia;Quando famosas revelam ter câncer ajudam a salvar vidas;https://www.terra.com.br/diversao/tv/blog-sala-de-tv/quando-famosas-revelam-ter-cancer-ajudam-a-salvar-vidas,d3f39c2bfa93523dbb385cb7f0baf35e21qejorz.html
Notícia;Sabrina Sato usa vestido com estampa de antúrio de R$ 13 mil;https://www.terra.com.br/vida-e-estilo/moda/elas-no-tapete-vermelho/sabrina-sato-usa-vestido-com-estampa-de-anturio-de-r-13-mil,840a410fa9a04d8e375303f669e5094dqg7y0vp7.html
Notícia;De macacão a saia: veja 5 lições fashion de Fátima Bernardes;https://www.terra.com.br/vida-e-estilo/moda/elas-no-tapete-vermelho/de-macacao-a-saia-veja-5-licoes-fashion-de-fatima-bernardes,a12141133812643c71b21d4eeefbd1f1ez1o3834.html
Notícia;Brasil fica em 25º de 51 países em ranking que mede o PIB;https://www.terra.com.br/economia/brasil-fica-em-25-de-51-paises-em-ranking-que-mede-o-pib,2cf49e9b589f134e903b53de7fa14ae1ro6o7sy8.html
Notícia;Nissan Kicks tem prévia antes do lançamento nos EUA;https://revistacarro.com.br/nissan-kicks-tem-previa-antes-do-lancamento-nos-eua/
Notícia;Lamborghini celebra 30º aniversário do icônico Diablo;https://www.terra.com.br/parceiros/guia-do-carro/lamborghini-celebra-30-aniversario-do-iconico-diablo,2ad43ab9645c4a6ae81859b3e5fe13ceh6agzgrs.html
Notícia;ONU crítica países que ignoram a ciência na pandemia;https://www.terra.com.br/noticias/mundo/onu-critica-paises-que-ignoram-a-ciencia-na-pandemia,ca4406bf9becd894bf7ac09f638af503da76b8h5.html
Notícia;Brexit pode ter ajudado o Reino Unido a liberar vacina;https://www.terra.com.br/noticias/coronavirus/brexit-pode-ter-ajudado-o-reino-unido-a-liberar-vacina,d93904c63eb7da0da885bfa0f8270fddi0bqbbhv.html
Notícia;Palmeiras e Santos vão fazer quarto jogo seguido sem repetir técnicos;https://www.terra.com.br/esportes/lance/palmeiras-e-santos-vao-fazer-quarto-jogo-seguido-sem-repetir-tecnicos,c8d67d437848e077a1cf4d24d4cf2e7bts7q9ozk.html
Notícia;Biden convoca Brian Deese para chefiar conselho econômico;https://www.terra.com.br/noticias/mundo/biden-convoca-brian-deese-para-chefiar-conselho-economico,48a7005ae6bb10cc02d2b5abad1dd95dbk935wh5.html
Notícia;Bolo de nozes recheado: perfeito para as festas de final de ano;https://www.terra.com.br/vida-e-estilo/culinaria/guia-da-cozinha/bolo-de-nozes-recheado-perfeito-para-as-festas-de-final-de-ano,c459d7ade8441551b588ddf8c771c0fcsk5p0985.html
Notícia;Para Salles, principal questão ambiental está nas cidades;https://www.terra.com.br/economia/para-salles-principal-questao-ambiental-esta-nas-cidades,0887dbb214acb2b6f8dd23760e3abb32h93ag68k.html
Notícia;"Com Nicette Bruno em ""estado delicado"", filha pede orações";https://www.terra.com.br/diversao/gente/com-nicette-bruno-em-estado-delicado-filha-pede-oracoes,a367c6c2ea7839cbd978a3edb79a6cce7vxoklrd.html
Notícia;'Tudo Bem no Natal que Vem': um grande mix de Adam Sandler;https://www.terra.com.br/diversao/streaming/tudo-bem-no-natal-que-vem-um-grande-mix-de-adam-sandler,d3e72c9ebc56bc7c78c49f7e5b8e457380mu7q9i.html
Notícia;São-paulinos repudiam possível chegada de Rodrigo Caetano;https://www.goal.com/br/not%C3%ADcias/torcida-do-sao-paulo-se-revolta-contra-possivel-chegada-de/ecxep0edjjms157alhwgs7ryq
Notícia;Adorei ver Flamengo se lascando, diz presidente do Atlético;https://www.terra.com.br/esportes/lance/adorei-ver-flamengo-se-lascando-diz-presidente-do-atletico,2e7da163976bf153237b2e1342c0eb92rl0qv4l2.html
Notícia;Almôndegas gratinadas para refeições rápidas e fáceis;https://www.terra.com.br/vida-e-estilo/culinaria/guia-da-cozinha/almondegas-gratinadas-para-refeicoes-rapidas-e-faceis,51e1bbd87a404c54e0f8ddb76e0605606fuz4gkj.html
Notícia;Mancini tem jogadores suspensos em 80% de seus jogos pelo Corinthians no Brasileirão-2020;https://www.terra.com.br/esportes/lance/mancini-tem-jogadores-suspensos-em-80-de-seus-jogos-pelo-corinthians-no-brasileirao-2020,12e84b81709c5c071902cdf1767409fbdwa7gxo3.html
Notícia;"""Não suporto ouvir a minha voz, não aguento"", diz Rita Lee";https://istoe.com.br/rita-lee-diz-que-nao-suporta-a-propria-voz-nao-aguento-me-ouvir-cantando/
Notícia;Omelete assada com salsicha e legumes;https://www.terra.com.br/vida-e-estilo/culinaria/guia-da-cozinha/omelete-assada-com-salsicha-e-legumes,a8698428ee6f5e481afd676c5a419dfcjcdp7w9c.html
Notícia;Ana Maria Braga manda mensagem para Fátima Bernardes;https://istoe.com.br/ana-maria-braga-manda-mensagem-para-fatima-bernardes-logo-estara-de-volta/
Notícia;Negociação esfria, e Flamengo pode dar adeus a Diego Alves;https://www.terra.com.br/esportes/lance/negociacao-esfria-e-flamengo-pode-dar-adeus-a-diego-alves,b2c41dff5c4cb9544f37a6bd8ecd615bw94mwd4t.html
Notícia;Neymar só volta ao Barça se for de graça, diz presidente;https://www.terra.com.br/esportes/lance/neymar-so-volta-ao-barca-se-for-de-graca-diz-presidente,7bbc2e78c374cc3fcc306254c14e5feblalcsiwe.html
Notícia;"Neusa Borges sobre desemprego: ""Perdi meu apartamento""";https://istoe.com.br/neusa-borges-desabafa-sobre-desemprego-perdi-meu-apartamento/
Notícia;Ausência de VAR beneficia Cruzeiro em clássico mineiro;https://www.terra.com.br/esportes/futebol/ausencia-de-var-beneficia-cruzeiro-em-classico-mineiro,a91b4d6656ddb1e37653b171ec91a1fb8wggpo6j.html
Notícia;Enquanto o Grêmio sobe, o Internacional desce ladeira abaixo;https://www.terra.com.br/esportes/futebol/enquanto-o-gremio-sobe-o-internacional-desce-ladeira-abaixo,22153da422f09585385f7f2ec5f46f74ieh49ju3.html
Notícia;Suspeitos de terem assaltado banco em Criciúma são presos;https://www.terra.com.br/noticias/brasil/cidades/suspeitos-de-terem-assaltado-banco-em-criciuma-sao-presos,e7b20c6130901cab131dd984039473a950franc8.html
Notícia;"Diretor do Barça diz que teria sido ""desejável"" vender Messi";https://www.terra.com.br/esportes/futebol/internacional/equipes/barcelona/diretor-do-barca-diz-que-teria-sido-desejavel-vender-messi,9dff4e16552ad4e97e3cf0e7a6af98a0a12hsxnl.html
Notícia;Aprenda mensagens e boas energias dos símbolos de Natal;https://www.terra.com.br/vida-e-estilo/horoscopo/feng-shui/aprenda-mensagens-e-boas-energias-dos-simbolos-de-natal,9d2a30c32124ea50d0d367e3a81b9c6em7jh952s.html
Notícia;Humorista Rodela morre aos 66 anos, vítima do coronavírus;https://www.terra.com.br/diversao/tv/humorista-rodela-morre-aos-66-anos-vitima-do-coronavirus,5ee23c1b48b94a71f8815907f368dd3cd0oustls.html
Notícia;Thiago Galhardo lamenta derrota e pede resposta imediata;https://www.terra.com.br/esportes/internacional/thiago-galhardo-lamenta-derrota-e-pede-resposta-imediata,df4a1a93dbf257c1548e8e702a339e72g8m0m9vm.html
Notícia;Homem é condenado por assassinar mulher e filha no Ceará;https://istoe.com.br/ce-homem-e-condenado-a-82-anos-de-prisao-por-assassinar-mulher-e-filha/
Notícia;Demorei uns 40 anos para gostar de mim, diz Paola Carosella;https://www.terra.com.br/diversao/gente/demorei-uns-40-anos-para-gostar-de-mim-diz-paola-carosella,aa62df086d3a75755b82c25f97e191c7ug86psmt.html
Notícia;Em bom jogo, Cruzeiro vence clássico contra o América-MG;https://www.terra.com.br/esportes/lance/em-bom-jogo-cruzeiro-vence-classico-contra-o-america-mg,554ca0e496248f906e7c444e7da44c02ldwv4ngk.html
Notícia;Com pandemia, Flip começa hoje em edição digital e gratuita;https://www.terra.com.br/diversao/com-pandemia-flip-comeca-hoje-em-edicao-digital-e-gratuita,e08b9cd0e586e747fc1d846e1f345410r4j0v4u2.html
Notícia;Parecer livra chapa Bolsonaro-Mourão de cassação no TSE;https://www.terra.com.br/noticias/brasil/politica/parecer-livra-chapa-bolsonaro-mourao-de-cassacao-no-tse,79a25cab46fc024d3512fe7699ce0441tr6ssklh.html
Notícia;Polícia faz apreensão em SP e vê relação com caso de SC;https://www.terra.com.br/noticias/brasil/cidades/policia-faz-apreensao-em-sp-e-ve-relacao-com-caso-de-sc,dd45b55690366b5609608036de4dff1852hp44iy.html
Notícia;Inter perde para o Boca e se complica na Libertadores;https://www.terra.com.br/esportes/futebol/libertadores/inter-perde-para-o-boca-e-se-complica-na-libertadores,efc4fe0af5075876673000b9af46e238wrtwuvni.html
Notícia;Mega-Sena acumula e pagará R$ 11 milhões no próximo sorteio;https://www.terra.com.br/noticias/loterias/mega-sena/mega-sena-acumula-e-pagara-r-11-milhoes-no-proximo-sorteio,d472696669115b6b806c4aa54a7ebe063xbbsx8o.html
Notícia;Um dia após crítica, Bruno Covas telefona para Bolsonaro;https://www.terra.com.br/noticias/brasil/politica/um-dia-apos-critica-bruno-covas-telefona-para-bolsonaro,45524e76c1040e7c68a2058872e62dab0k2l1yvh.html
Notícia;Palmeiras atropela Delfin e vai às quartas da Libertadores;https://www.terra.com.br/esportes/futebol/libertadores/palmeiras-atropela-delfin-e-vai-as-quartas-da-libertadores,3beec289f9d5613bad834530b52c9e8f1vk2xt3t.html
Notícia;Fátima Bernardes revela câncer de útero e afastamento da TV;https://www.terra.com.br/diversao/gente/fatima-bernardes-revela-cancer-de-utero-e-afastamento-da-tv,ffdd3ffad83f63977eb50135595beb256e3frnvk.html
Notícia;Brasil tem 698 mortes e quase 50 mil casos de covid em 24h;https://www.terra.com.br/noticias/coronavirus/brasil-registra-698-mortes-e-49863-casos-de-covid-19-em-24h,9ef7e5777e39dcf7dbb4e4e38e4d08e5nu8p6vss.html
Notícia;Em meio a crise, Bolsonaro celebra apreensão de droga no Rio;https://www.terra.com.br/noticias/brasil/politica/em-meio-a-crise-bolsonaro-celebra-apreensao-de-droga-no-rio,50dd993ba306f96d74476ec9792898ac28tda35q.html
Notícia;Nicette Bruno pegou coronavírus após visita de um parente;https://spinoff.com.br/entrete/nicette-bruno-tem-leve-piora-apos-internacao-por-conta-da-covid/
Notícia;Globo não transmitirá estreia de Pietro Fittipaldi na F1;https://www.f1mania.net/f1/globo-nao-transmitira-estreia-de-pietro-fittipaldi-na-f1/
Notícia;Conheça os cinco fundos imobiliários mais rentáveis de 2020;https://forbes.com.br/forbes-money/2020/12/conheca-os-cinco-fundos-imobiliarios-mais-rentaveis-de-2020/
Notícia;Ex-BBB Ivy e noivo decidem cancelar casamento no México;https://istoe.com.br/apos-ter-traicao-exposta-ex-bbb-ivy-moraes-e-noivo-cancelam-casamento-no-mexico/
Notícia;Comandante do Exército é diagnosticado com covid-19;https://www.terra.com.br/noticias/brasil/politica/comandante-do-exercito-e-diagnosticado-com-covid-19,0c454959f72aa514f10e86a037620a97zclg9r0d.html
Notícia;"""Recebi dinheiro de dois candidatos e não votei em nenhum""";https://www.terra.com.br/noticias/brasil/recebi-dinheiro-de-dois-candidatos-e-nao-votei-em-nenhum-como-a-compra-de-votos-no-brasil-ainda-resiste-em-2020,e0352a811552d70c5ccf3f479679ec8f5yltfr2e.html
Notícia;Xô, covid-19! Conheça as máscaras mais extravagantes;https://www.terra.com.br/vida-e-estilo/saude/saude-bucal/atualidades/xo-covid-19-conheca-as-mascaras-mais-extravagantes,abf6a37211f0bbf04fe6643544bbf2cdv9sj5s12.html
Notícia;Homens são presos por furto de cédulas deixadas por bandidos;https://www.terra.com.br/noticias/brasil/cidades/homens-sao-presos-por-furto-de-cedulas-deixadas-por-bandidos,3f166fef0cee64383312c9297b8b3b41sx1q90ka.html
Notícia;Assalto a bancos em Criciúma deixa reféns e cidade sitiada;https://www.terra.com.br/noticias/brasil/cidades/assalto-a-bancos-em-criciuma-deixa-refens-e-cidade-sitiada,c9b59ed417f879e59f7f5a323cbfa876vzoh14we.html
Notícia;Poupança tem menor entrada líquida do ano em novembro, de R$1,48 bi;https://www.terra.com.br/noticias/poupanca-tem-menor-entrada-liquida-do-ano-em-novembro-de-r148-bi,9e59a4b8c32bde46121bab40c7c722cds7o3nwuy.html
Notícia;Ainda sem mudanças no formato, Fifa confirma Mundial de Clubes para 2021;https://istoe.com.br/ainda-sem-mudancas-no-formato-fifa-confirma-mundial-de-clubes-para-2021/
Notícia;Rolling Stone lista 50 melhores álbuns de 2020: Taylor Swift lidera;https://portalpopline.com.br/rolling-stone-lista-50-melhores-albuns-2020/
Notícia;BBB 21: Mariana Rios nega que irá para o reality show;https://portalpopline.com.br/bbb-21-mariana-rios-nega-que-ira-para-o-reality-show/
Notícia;"ATP Finals se despede de Londres e pode cumprir papel de ""embaixador""";https://www.terra.com.br/noticias/dino/atp-finals-se-despede-de-londres-e-pode-cumprir-papel-de-embaixador,bf3d8336bdf7795cd34102e7d432dad3coobhuyy.html
Notícia;Estádio San Paolo do Napoli é rebatizado em homenagem a Maradona;https://www.terra.com.br/esportes/estadio-san-paolo-do-napoli-e-rebatizado-em-homenagem-a-maradona,b2d4de5f6a12f07494dc51bdcd5f3c66gptcpugc.html
Notícia;Ford anuncia novo motor V8 chamado de Megazilla;https://revistacarro.com.br/ford-anuncia-novo-motor-v8-chamado-de-megazilla/
Notícia;Parto prematuro e Covid-19: entenda o caso da filha de Romana e Alok;https://www.terra.com.br/noticias/coronavirus/parto-prematuro-e-covid-19-entenda-o-caso-da-filha-de-romana-e-alok,9f8335f3879b14a08aa2159d05732e33lrl3nx4r.html
Notícia;Concurso TJM MG: projeto para unificação de carreiras é aprovado;https://folhadirigida.com.br/noticias/concurso/tjm-mg/concurso-tjm-mg-projeto-para-unificacao-de-carreiras-e-aprovado
Notícia;MDB vai à Justiça contra transferência de transformador de RR para AP;https://www.istoedinheiro.com.br/mdb-vai-a-justica-contra-transferencia-de-transformador-de-rr-para-ap/
Notícia;Por causa da pandemia, rio é tomado por fenômeno RARO e fica completamente coberto por FLORES!;https://www.awebic.com/por-causa-da-pandemia-rio-e-tomado-por-fenomeno-raro-e-fica-completamente-coberto-por-flores/
Notícia;Vídeo: Policial ameaça colega com arma durante discussão no centro de SP;https://istoe.com.br/video-policial-ameaca-colega-com-arma-durante-discussao-no-centro-de-sp/
Notícia;Danilo Gentili se revolta com silêncio após as acusações contra Marcius Melhem;https://rd1.com.br/danilo-gentili-se-revolta-com-silencio-apos-as-acusacoes-contra-marcius-melhem/
Notícia;Sentar demais faz mal, mas temos a solução para esse problema;https://gooutside.com.br/sentar-demais-faz-mal-veja-o-que-voce-pode-fazer/
Notícia;Filha de Belo é denunciada por integrar organização criminosa;https://rd1.com.br/filha-de-belo-e-denunciada-por-integrar-organizacao-criminosa/
Notícia;Ex-BBB Flay aparece sensual em clipe com Lucas Lucco;https://istoe.com.br/ex-bbb-flay-aparece-sensual-em-clipe-com-lucas-lucco/
Notícia;Fifa mantém formato atual do Mundial para edição de 2021;https://www.terra.com.br/esportes/futebol/internacional/fifa-mantem-formato-atual-do-mundial-para-edicao-de-2021,67c7ff50fd7b64f0d0675b7f9adb74c6vjvvtj2h.html
Notícia;Fernando Marchiori elogia trabalho da Portuguesa e acredita no retorno do clube à elite;https://www.terra.com.br/esportes/portuguesa/fernando-marchiori-elogia-trabalho-da-portuguesa-e-acredita-no-retorno-do-clube-a-elite,d33c1b11b52fea6188601e9b30a0beb72sxmqien.html
Notícia;"Petrobras oferece vagas para Jovem Aprendiz no Norte e Nordeste; inscreva-se";https://jornalonorte.com.br/petrobras-oferece-vagas-para-jovem-aprendiz-no-norte-e-nordeste-inscreva-se/
Notícia;"Arctic Monkeys lança single e clipe ao vivo de ""Arabella""";https://www.terra.com.br/diversao/musica/arctic-monkeys-lanca-single-e-clipe-ao-vivo-de-arabella,9c461e3c770d3be879a8fc8de786ad43q5q28gba.html
Notícia;Força, Fátima! Relembre alguns momentos marcantes da apresentadora no mundo do esporte;https://www.terra.com.br/esportes/lance/forca-fatima-relembre-alguns-momentos-marcantes-da-apresentadora-no-mundo-do-esporte,380cff7229c2738f71837ea375e0c7fd9t7vmdhj.html
Notícia;Regis Danese lança single Natal Em Família;https://www.ofuxico.com.br/noticias-sobre-famosos/regis-danese-lanca-single-natal-em-familia/2020/12/04-391188.html
Notícia;Ônibus cai de viaduto na BR-381, em Minas Gerais;https://istoe.com.br/onibus-cai-de-viaduto-na-br-381-em-minas-gerais/
Notícia;Mulher que contratou pistoleiro para matar marido é condenada a 24 anos de prisão;https://istoe.com.br/mulher-que-contratou-pistoleiro-para-matar-marido-e-condenada-a-24-anos-de-prisao/
Notícia;Natália Toscano, esposa de Zé Neto, mostra sua nova coleção;https://www.ofuxico.com.br/fotos-de-famosos/natalia-toscano-esposa-de-ze-neto-mostra-sua-nova-colecao-de-moda/2020/12/04-13132.html
Notícia;Governo italiano afrouxa regras anti-Covid de mais 8 regiões;https://www.terra.com.br/noticias/mundo/governo-italiano-afrouxa-regras-anti-covid-de-mais-8-regioes,b3489fdd2b66d307fa193d0d5b023560pgtrakub.html
Notícia;A Casa do Porco fica em quarto lugar em lista dos melhores restaurantes da América Latina;https://forbes.com.br/colunas/2020/12/forbes-taste-a-casa-do-porco-fica-em-quarto-lugar-em-lista-dos-melhores-restaurantes-da-america-latina/
Notícia;BlackRocks Startups anuncia selecionadas para programa de aceleração;https://forbes.com.br/forbes-insider/2020/12/blackrocks-startups-anuncia-startups-selecionadas-para-programa-de-aceleracao/
Notícia;"Rhuan deve ser titular do Botafogo contra o Flamengo; veja provável time";https://www.terra.com.br/esportes/lance/rhuan-deve-ser-titular-do-botafogo-contra-o-flamengo-veja-provavel-time,ff83f6c9412a9d17002f9f852034b7ddjwvtlcpn.html
Notícia;O verdadeiro motivo para Aprender a Investir seu Dinheiro;https://www.terra.com.br/economia/o-verdadeiro-motivo-para-aprender-a-investir-seu-dinheiro,edd8e9b7db2ccff5b28405337120b11c4dv9zkeu.html
Notícia;Windows 10 testa buscar e abrir arquivos usando Cortana;https://www.terra.com.br/noticias/tecnologia/windows-10-testa-buscar-e-abrir-arquivos-usando-cortana,e96d46941268c7a9a2aa26cb2c3b56ef4a5s3x20.html
Notícia;Conheça mais sobre Amanda Coronha, um dos destaques do 'The Voice';https://istoe.com.br/conheca-mais-sobre-amanda-coronha-um-dos-destaques-do-the-voice/
Notícia;Estrela da série Bia grava versão nacional de Reflection para trilha de Mulan;https://www.terra.com.br/diversao/musica/estrela-da-serie-bia-grava-versao-nacional-de-reflection-para-trilha-de-mulan,b5614e4223c1e5c1232941bf1d2654d48sz9dgxm.html
Notícia;Após recorde, Itália tem mais 814 mortes por Covid em 24h;https://www.terra.com.br/noticias/mundo/apos-recorde-italia-tem-mais-814-mortes-por-covid-em-24h,20d45035896bd4d9a900b5ca6fd9a22da89kcuq8.html
Notícia;Apesar da eliminação, Gil valoriza atuação do Vasco: 'Estou orgulhoso do time que temos';https://www.terra.com.br/esportes/lance/apesar-da-eliminacao-gil-valoriza-atuacao-do-vasco-estou-orgulhoso-do-time-que-temos,19b52cb01384e5dd3ecba197a94ab633kk3kzhp4.html
Notícia;Maraisa mostra barriga trincada e revela que perdeu 5kg;https://www.ofuxico.com.br/noticias-sobre-famosos/maraisa-mostra-barriga-trincada-e-revela-que-perdeu-5kg/2020/12/04-391194.html
Notícia;"New Order lança o novo clipe ""Be A Rebel""";https://www.terra.com.br/diversao/musica/new-order-lanca-o-novo-clipe-be-a-rebel,87a724fe1de21d8fdac250113a19dccda6wt1ldp.html
Notícia;Lu, do Magalu, é contratada para estrelar campanha da adidas;https://adnews.com.br/lu-do-magalu-e-contratada-para-estrelar-campanha-da-adidas/
Notícia;Fã pede para Miley Cyrus escolher nome de sua filha - e a cantora responde!;https://portalpopline.com.br/fa-miley-cyrus-nome-filha/
Notícia;BTS responde sobre namoro em entrevista;https://portalpopline.com.br/bts-responde-namoro-entrevista/
Notícia;Na Rolling Stone, Miley Cyrus diz que pela primeira vez prestam mais atenção nas suas músicas;https://portalpopline.com.br/miley-cyrus-diz-que-pela-primeira-vez-prestam-mais-atencao-nas-suas-musicas/
Notícia;Mergulhadora vestida de Papai Noel leva clima festivo a aquário de Tóquio;https://www.terra.com.br/diversao/mergulhadora-vestida-de-papai-noel-leva-clima-festivo-a-aquario-de-toquio,44fbe03c4a4019b09c53bcecd6e1c03fthf5c8wv.html
Notícia;"BP Bunge fixa 60% da venda de açúcar de 2021, 40% de 2022; vê capacidade plena em 2 anos";https://www.terra.com.br/noticias/bp-bunge-fixa-60-da-venda-de-acucar-de-2021-40-de-2022-ve-capacidade-plena-em-2-anos,283381aa99647ea3185e118ed733f60a42fz9eyy.html
Notícia;"ATLÉTICO-MG: Nathan admite rendimento abaixo do esperado após seu retorno: ""venho me dedicando para voltar a boa forma""";https://www.terra.com.br/parceiros/dazn/atletico-mg-nathan-admite-rendimento-abaixo-do-esperado-apos-seu-retorno-venho-me-dedicando-para-voltar-a-boa-forma,22bf27daa8a4963e168e8d22c3910a25vn2u84g5.html
Notícia;Novo acordo de transferência de dados entre UE e EUA não sairá logo, diz regulador;https://www.terra.com.br/noticias/tecnologia/novo-acordo-de-transferencia-de-dados-entre-ue-e-eua-nao-saira-logo-diz-regulador,3fa1daffb7f3f099b35a11b0bc871d0211ilt7jj.html
Notícia;Vacinas da COVID-19 viram alvos constantes de hackers;https://www.terra.com.br/noticias/tecnologia/vacinas-da-covid-19-viram-alvos-constantes-de-hackers,5ffe719ecf19278b59c3ac277091e9d72zxg8kuk.html
Notícia;Índices europeus sobem com ganhos do petróleo e esperanças de estímulo;https://www.terra.com.br/economia/indices-europeus-sobem-com-ganhos-do-petroleo-e-esperancas-de-estimulo,26b2d29ac1c5d1f37ffc85595ffa96b5norod5d8.html
Notícia;Carla Diaz abre o jogo sobre nódulo na tireoide e revela que era câncer;https://rd1.com.br/carla-diaz-abre-o-jogo-sobre-nodulo-na-tireoide-e-revela-que-era-cancer/
Notícia;"Macron: é uma ""grande mentira"" dizer que as liberdades estão se desgastando na França";https://istoe.com.br/macron-e-uma-grande-mentira-dizer-que-as-liberdades-estao-se-desgastando-na-franca/
Notícia;"Bolsonaro: ""Maus brasileiros querem roubar nossa liberdade""";https://www.terra.com.br/noticias/brasil/politica/bolsonaro-maus-brasileiros-querem-roubar-nossa-liberdade,033d69960327c81410e36e1597a54931peu820ns.html
Notícia;Citi é eleito Melhor Banco Digital do Mundo em 2020 pela Global Finance Magazine;https://www.terra.com.br/noticias/dino/citi-e-eleito-melhor-banco-digital-do-mundo-em-2020-pela-global-finance-magazine,da6bbc7aa6012c66b31fc49ff921e019agzzdk41.html
Notícia;Conheça os Fornecedores de Produtos finalistas do Prêmio Tele.Síntese de Inovação 2020;https://www.telesintese.com.br/conheca-os-fornecedores-de-produtos-finalistas-do-premio-tele-sintese-de-inovacao-2020/
Notícia;Neoenergia vence leilão de distribuidora do DF com lance de R$ 2,5 bilhões;https://www.terra.com.br/economia/neoenergia-vence-leilao-de-distribuidora-do-df-com-lance-de-r-25-bilhoes,53cba621e82749a4fb5319bd33b695cb2fpzbp31.html
Notícia;"Grosjean detalha momentos em meio às chamas no Bahrein: ""Senti que ia morrer""";https://www.terra.com.br/esportes/automobilismo/formula1/grosjean-detalha-momentos-em-meio-as-chamas-no-bahrein-senti-que-ia-morrer,14f283b4847abe54f6797ce9231b9a8do0ececpd.html
Notícia;Black Eyed Peas lança clipe com Shakira falando de Anitta;https://www.terra.com.br/diversao/musica/black-eyed-peas-lanca-clipe-com-shakira-falando-de-anitta,4bffa7ab4d4fec0a100cdb361f9e9692ykn32kpp.html
Notícia;Concurso BRB realiza convocação de mais 42 classificados;https://folhadirigida.com.br/noticias/concurso/banco-de-brasilia/concurso-brb-realiza-a-convocacao-de-mais-42-classificados
Notícia;Cress RO altera cronograma e prorrogada período de inscrições;https://folhadirigida.com.br/noticias/concurso/cress-ro/cress-ro-altera-cronograma-e-prorrogada-periodo-de-inscricoes
Notícia;Mulher escapa por pouco de ser atropelada por caminhão de lixo desgovernado;https://istoe.com.br/mulher-escapa-por-pouco-de-ser-atropelada-por-caminhao-de-lixo-desgovernado/
Notícia;The Weeknd lança remix com Rosalía e surpreende fãs;https://istoe.com.br/the-weeknd-lanca-remix-com-rosalia-e-surpreende-fas/
Notícia;Lei em SP obriga farmácias a explicar uso de CPF para descontos;https://www.terra.com.br/noticias/tecnologia/lei-em-sp-obriga-farmacias-a-explicar-uso-de-cpf-para-descontos,003a2bb201880e706e1dde55c2cba2c3vdytwahw.html
Notícia;Que tal ouvir um livro? Veja 10 dicas de audiobooks;https://www.terra.com.br/diversao/que-tal-ouvir-um-livro-veja-10-dicas-de-audiobooks,c27838b86e50545194a3eaf957f092b9jipls3mq.html
Notícia;"Remake de ""Pantanal"" já tem data para ser gravado";https://famosidades.com.br/tv/remake-de-pantanal-ja-tem-data-para-ser-gravado/
Notícia;"Salário mínimo do Brasil tem valor MENOR que a média mundial; o QUE isso representa?";https://fdr.com.br/2020/12/04/salario-minimo-do-brasil-tem-valor-menor-que-a-media-mundial-o-que-isso-representa/
Notícia;Patrícia Abravanel sobre sexo: 'Não tem que ter vergonha';https://www.ofuxico.com.br/noticias-sobre-famosos/patricia-abravanel-sobre-sexo-nao-tem-que-ter-vergonha/2020/12/04-391191.html
Notícia;Wolff nega que Russell e Bottas estejam disputando um lugar para 2022;https://www.f1mania.net/f1/wolff-nega-que-russell-e-bottas-estejam-disputando-um-lugar-para-2022/
Notícia;"Canção ""Carcará"" ganha releitura na voz de Thayana Barbosa";https://www.terra.com.br/noticias/dino/cancao-carcara-ganha-releitura-na-voz-de-thayana-barbosa,985f7a2790de188e9d05503890049d77mjyaexzm.html
Notícia;STF suspende discussão sobre plano de vacinação;https://www.terra.com.br/noticias/coronavirus/stf-suspende-discussao-sobre-plano-de-vacinacao,4ef414d0101678f78cf024ab5517af0aof6a1ec3.html
Notícia;Fabio Assunção anuncia que será pai pela terceira vez;https://rd1.com.br/fabio-assuncao-anuncia-que-sera-pai-pela-terceira-vez/
Notícia;Palmirinha continua internada em hospital e sem previsão de alta;https://rd1.com.br/palmirinha-continua-internada-em-hospital-e-sem-previsao-de-alta/
Notícia;Estudo diz que Terra está mais perto de buraco negro do que se acreditava;https://istoe.com.br/estudo-diz-que-terra-esta-mais-perto-de-buraco-negro-do-que-se-acreditava/
Notícia;Atriz de Pantera Negra gera polêmica ao compartilhar vídeo sobre vacina;https://epipoca.com.br/atriz-de-pantera-negra-gera-polemica-ao-compartilhar-video-sobre-vacina/
Notícia;William Bonner e Renata Vasconcellos são intimados sobre caso de Flávio Bolsonaro;https://rd1.com.br/william-bonner-e-renata-vasconcellos-sao-intimados-sobre-caso-de-flavio-bolsonaro/
Notícia;Rafael Ilha é denunciado por prefeita de Sorocaba após polêmica;https://rd1.com.br/rafael-ilha-e-denunciado-por-prefeita-de-sorocaba-apos-polemica/
Notícia;A Fazenda 2020: Marcos Mion lembra paredão épico do BBB e elogia Pedro Bial;https://rd1.com.br/fazenda-2020-marcos-mion-lembra-paredao-epico-do-bbb-e-elogia-pedro-bial/
Notícia;Supremo interrompe julgamento sobre plano de vacinação do governo federal;https://istoe.com.br/supremo-interrompe-julgamento-sobre-plano-de-vacinacao-do-governo-federal/
Notícia;Zidane admite não ser intocável no cargo, mas diz ser 'forte' para ajustar o Real Madrid;https://www.terra.com.br/esportes/futebol/zidane-admite-nao-ser-intocavel-no-cargo-mas-diz-ser-forte-para-ajustar-o-real-madrid,ce0b29201ad6da25a71eef1f50753aa785cmti6m.html
Notícia;Correção: Operação Urutau 2 faz buscas contra traficantes de animais em 5 estados;https://www.dinheirorural.com.br/correcao-operacao-urutau-2-faz-buscas-contra-traficantes-de-animais-em-5-estados/
Notícia;Protocolo Avançado de Emagrecimento Rápido e Hipertrofia chega a Pelotas;https://www.terra.com.br/noticias/dino/protocolo-avancado-de-emagrecimento-rapido-e-hipertrofia-chega-a-pelotas,7b1bbd93d45756a03a9458568fbfd38e4cyyx9km.html
Notícia;Botafogo lança operadora de telefonia móvel com cobertura 4G;https://www.terra.com.br/esportes/lance/botafogo-lanca-operadora-de-telefonia-movel-com-cobertura-4g,0085953fe972edc8f06d280098d01d33g3dxqruo.html
Notícia;Vendas no comércio paulistano sugerem possível recuperação da economia;https://www.istoedinheiro.com.br/vendas-no-comercio-paulistano-sugerem-possivel-recuperacao-da-economia/
Notícia;Diretor da Juve é investigado em inquérito sobre prova de Suárez;https://www.terra.com.br/esportes/diretor-da-juve-e-investigado-em-inquerito-sobre-prova-de-suarez,15fc1205081ea89b3eab28e2fee4c62ara8sg20k.html
Notícia;Ludmilla vai ganhar reality show da Globoplay;https://www.terra.com.br/diversao/gente/ludmilla-vai-ganhar-reality-show-da-globoplay,192636884f96a623bad78d4a13ee92d2poznz106.html
Notícia;Não há justificativa para Brasil adiar controle de poluição;https://www.terra.com.br/parceiros/guia-do-carro/nao-ha-justificativa-para-brasil-adiar-controle-de-poluicao,be5765fa5da997eb40365e9be6e25eaaiakf4jfm.html
Notícia;Aos 57 anos, Claudia Ohana esbanja boa forma em clique de biquíni na praia;https://istoe.com.br/aos-57-anos-claudia-ohana-esbanja-boa-forma-em-clique-de-biquini-na-praia/
Notícia;++ Após recorde, Itália tem mais 814 mortes por Covid em 24h ++;https://istoe.com.br/apos-recorde-italia-tem-mais-814-mortes-por-covid-em-24h/
Notícia;Nicette Bruno tem 'discreta melhora', mas segue intubada;https://www.terra.com.br/diversao/gente/nicette-bruno-tem-discreta-melhora-mas-segue-intubada,99f0a6e0f2be8da4345a6ad7584d8c2arzubm2ws.html
Notícia;Resort de pedra subterrâneo será construído no deserto na Arábia Saudita;https://gooutside.com.br/resort-de-pedra-subterraneo-sera-construido-no-deserto-na-arabia-saudita/
Notícia;Esposa de Luciano Camargo celebra fim de isolamento;https://www.ofuxico.com.br/noticias-sobre-famosos/esposa-de-luciano-camargo-celebra-fim-de-isolamento/2020/12/04-391190.html
Notícia;"Horner: ""Albon não vai retornar para a AlphaTauri""";https://www.f1mania.net/f1/horner-albon-nao-vai-retornar-para-a-alphatauri/
Notícia;China ativa reator experimental de fusão nuclear;https://istoe.com.br/china-ativa-reator-experimental-de-fusao-nuclear/
Notícia;"Presidente da Vale: ""Acordo sobre Brumadinho está próximo""";https://www.terra.com.br/economia/presidente-da-vale-acordo-sobre-brumadinho-esta-proximo,5e7c8f5418fd396cc01864277ae7241cvm6uhrdq.html
Notícia;SUVs: Jeep dá descontos de R$ 7 mil e Renegade fica em 1º;https://www.terra.com.br/parceiros/guia-do-carro/suvs-jeep-da-descontos-de-r-7-mil-e-renegade-fica-em-1,89b61a231a52ab586b493bd3ccead0063fciu44l.html
Notícia;Receitas salgadas com aveia para saborear em família;https://www.terra.com.br/vida-e-estilo/culinaria/guia-da-cozinha/receitas-salgadas-com-aveia-para-saborear-em-familia,e4a3c84baf6a5b6162cf0ce111f155d67qh72tag.html
Notícia;Após teste negativo, Maguito aguarda transferência de UTI;https://www.terra.com.br/noticias/coronavirus/apos-teste-negativo-maguito-aguarda-transferencia-de-uti,dcfdaafd97a544164a4900ee2d58288flart2mp2.html
Notícia;Receitas que rendem bastante e economizam tempo na cozinha;https://www.terra.com.br/vida-e-estilo/culinaria/guia-da-cozinha/receitas-que-rendem-bastante-para-economizar-tempo-na-cozinha,8b0770a0b04163a2c8164e0e1ae97efe3tfn39kz.html
